yob,nkid,dep,phon,sinc,aes,dainc,res,dhval,dmort,doutm,doutl,douthp,doutcc,bad
19,4,0,1,0,"R",0,"O",14464,4,0,0,0,0,0
41,2,0,1,0,"P",36000,"O",0,0,280,664,0,80,0
66,0,0,1,0,"N",30000,"N",0,0,0,0,0,0,0
51,2,0,1,0,"P",464,"O",24928,8464,584,320,0,60,0
65,0,0,1,0,"P",15000,"P",0,0,0,0,0,0,0
42,2,0,1,10500,"E",48000,"O",43392,46464,1120,0,0,0,0
59,0,0,1,6500,"B",30000,"O",62464,56000,520,0,96,0,0
43,1,0,1,13500,"E",9000,"O",63392,54464,0,200,0,0,0
52,0,0,1,0,"E",22500,"P",0,0,0,200,0,80,0
65,0,0,1,0,"P",19500,"O",26464,4464,540,0,0,0,0
48,2,0,1,0,"E",30000,"O",38464,23664,600,0,524,0,0
55,0,0,1,8000,"V",21000,"O",14464,64000,376,0,0,0,0
44,0,0,1,0,"P",24000,"O",54464,0,384,0,0,0,0
53,1,0,1,10000,"V",28170,"O",8928,28000,404,0,0,0,0
54,2,0,1,2100,"N",48000,"O",50464,28464,600,0,0,88,0
62,0,0,1,0,"P",18009,"F",0,0,280,0,0,0,0
46,1,0,1,2500,"P",33000,"O",3392,54000,0,240,480,0,0
19,0,0,1,104,"R",24000,"O",52928,4,0,0,0,0,0
62,0,0,1,8970,"B",18474,"O",57464,28008,748,0,0,140,0
64,0,0,1,0,"T",4170,"P",0,0,0,0,0,0,0
31,0,0,1,20000,"U",0,"O",0,0,0,0,0,0,1
33,0,0,1,3600,"P",9360,"U",0,0,152,512,0,0,1
38,2,0,1,5000,"V",18464,"O",13568,28928,0,2000,0,600,0
31,2,1,1,0,"P",33464,"F",0,0,2800,0,0,800,0
55,1,1,1,0,"P",27000,"O",16928,14464,580,0,0,0,0
31,2,0,0,0,"P",3928,"F",0,0,852,0,0,0,0
33,0,0,1,0,"P",33750,"O",54464,30464,940,460,44,0,0
29,0,0,1,1000,"P",60000,"O",3392,4,0,0,0,0,0
63,0,0,0,0,"P",18300,"F",0,0,500,0,0,0,0
42,3,0,1,1000,"V",26637,"O",54464,4,0,0,276,0,0
45,4,0,1,10400,"V",6600,"O",48928,54000,352,124,0,0,0
60,0,0,1,8000,"P",36000,"O",48928,20928,1608,800,0,0,0
28,0,0,1,0,"V",17100,"F",0,0,0,100,0,0,0
63,0,0,1,0,"B",26400,"P",0,0,320,316,0,0,0
59,1,0,1,2000,"P",48000,"O",36928,50464,776,276,0,0,0
65,0,0,0,0,"V",9000,"O",36000,20000,220,112,0,0,0
44,2,0,1,0,"V",42000,"O",28928,22000,108,56,0,0,0
64,0,0,1,0,"V",21357,"P",0,0,0,0,0,0,1
66,0,0,1,0,"P",15000,"P",0,0,0,0,0,0,1
45,0,0,1,30000,"W",0,"O",21248,14464,0,0,0,0,0
68,0,0,1,0,"T",6189,"P",0,0,0,0,0,0,0
54,2,0,1,0,"P",55068,"O",43392,4,0,0,0,0,0
45,4,0,1,0,"E",42000,"O",28928,34464,988,0,0,0,0
13,0,0,0,850,"R",37500,"U",0,0,520,0,0,0,0
58,0,0,1,0,"P",40500,"O",26464,64000,520,0,0,0,0
66,0,0,1,0,"P",21750,"P",0,0,0,0,0,60,1
59,1,0,1,16000,"V",15000,"O",24928,54464,960,180,0,0,0
68,0,0,1,0,"T",0,"P",48928,6464,0,0,0,0,0
99,0,0,1,0,"R",0,"O",34464,4,0,0,0,0,0
45,4,0,1,20000,"W",0,"F",0,0,0,0,0,0,0
31,0,0,1,0,"V",34170,"O",0,0,0,0,0,0,1
54,0,0,1,0,"P",23646,"O",4928,4,0,380,0,32,0
57,0,0,1,0,"P",18765,"N",0,0,0,0,0,0,0
28,0,0,1,0,"R",0,"U",0,0,432,0,0,0,0
57,3,0,1,2928,"E",8784,"U",0,0,400,0,0,0,0
55,3,0,1,4000,"V",60000,"O",57856,56928,2000,0,0,600,0
68,0,0,0,0,"T",13800,"P",0,0,400,0,0,0,1
67,0,0,1,0,"T",18000,"P",0,0,400,0,0,0,0
19,0,0,1,0,"R",12000,"O",30464,4,0,0,0,0,0
57,0,0,1,0,"P",52500,"P",0,0,0,0,0,0,0
35,0,0,1,0,"E",34500,"O",3392,36000,288,0,0,0,0
66,0,0,1,0,"M",1620,"N",0,0,0,272,0,0,1
46,2,0,1,1960,"P",39750,"O",12464,29200,304,80,0,80,0
59,0,0,1,7195,"V",19728,"O",40464,56000,292,0,0,0,0
60,0,0,1,0,"P",22200,"P",0,0,0,0,0,0,0
63,0,0,1,0,"V",12825,"N",0,0,0,0,0,20,0
66,0,0,1,0,"P",16500,"P",0,0,0,0,0,0,0
60,1,0,1,0,"P",36012,"O",62464,40464,1000,0,0,0,0
59,1,0,1,0,"V",36000,"O",58464,26464,1160,640,0,0,0
62,0,0,1,0,"P",18000,"F",0,0,572,0,0,0,0
49,0,0,1,0,"P",43800,"O",12928,22464,760,240,0,100,0
61,0,0,0,0,"M",30510,"F",0,0,384,0,0,0,0
52,0,0,1,2000,"E",60000,"O",63392,43392,2280,0,0,0,0
50,2,0,1,0,"V",59931,"O",11392,54464,880,576,0,64,0
67,0,0,1,0,"T",0,"P",0,0,0,0,0,0,0
61,0,0,0,0,"M",30300,"F",0,0,0,0,80,60,0
61,0,0,1,0,"V",21474,"U",0,0,0,0,0,640,0
37,0,0,1,7500,"P",3000,"O",8928,4,0,0,0,20,0
64,0,0,1,0,"P",18000,"F",0,0,480,0,0,0,0
15,0,0,1,0,"R",15300,"O",42464,0,0,0,0,0,0
38,0,0,1,3000,"E",22500,"O",28928,12000,224,0,0,100,0
68,0,0,1,0,"T",5862,"U",0,0,160,0,0,0,0
56,3,0,1,9000,"P",15000,"U",0,0,448,0,0,0,0
24,0,0,1,0,"V",23445,"O",4928,4,0,0,0,120,0
45,1,0,1,0,"P",29769,"U",0,0,408,0,0,40,0
57,0,0,1,0,"E",7800,"F",0,0,0,0,0,0,1
52,2,1,1,0,"P",45000,"O",54464,14464,684,0,0,0,0
62,0,0,1,0,"V",60464,"N",0,0,0,0,0,0,0
43,0,0,1,9500,"P",23400,"O",34464,60000,488,200,0,100,0
21,0,0,1,0,"R",0,"O",0,0,0,152,0,0,0
39,3,0,1,3600,"P",36000,"O",8928,0,380,152,0,32,0
63,0,0,1,0,"P",33000,"U",0,0,356,424,0,200,0
53,0,0,1,5000,"P",36000,"O",26464,51200,440,380,0,60,0
64,0,0,1,0,"E",24000,"P",0,0,0,0,0,0,0
35,0,0,1,0,"V",23100,"U",0,0,340,0,0,100,0
61,0,0,1,0,"P",19500,"P",0,0,0,0,0,160,1
33,1,0,1,1750,"V",24464,"O",57856,36000,600,0,0,80,0
49,1,0,1,3500,"P",34200,"O",62464,41664,752,0,64,160,0
53,2,0,1,0,"E",39464,"O",6784,28928,2000,0,0,0,0
55,0,0,1,0,"P",40500,"O",23392,48464,1040,0,0,0,1
57,0,0,1,0,"V",28500,"O",4928,14052,672,436,0,128,0
39,5,0,1,0,"E",0,"O",48928,40000,612,0,0,0,0
62,0,0,1,0,"P",20907,"F",0,0,400,0,0,0,0
36,3,0,1,0,"V",57000,"O",23392,24000,340,0,0,0,0
61,0,0,1,0,"P",25500,"P",0,0,0,668,0,80,1
43,2,0,1,1500,"P",42000,"O",48928,48000,440,140,0,0,0
21,0,0,1,0,"R",24000,"O",43392,4,0,0,0,0,0
66,0,0,1,0,"P",2961,"F",0,0,300,0,0,80,0
68,0,0,1,0,"P",14625,"P",0,0,160,272,0,0,0
25,2,0,1,0,"P",18928,"O",10176,2464,1520,0,0,0,0
58,0,0,1,0,"P",18000,"P",0,0,400,0,0,0,0
37,1,0,1,15000,"P",10500,"O",48928,4,0,0,0,0,0
62,0,0,1,0,"P",28200,"O",6464,58000,488,0,0,0,0
57,1,1,1,4800,"M",58500,"O",60928,46928,1840,436,0,0,0
47,2,0,1,2500,"E",24000,"O",64464,52000,520,0,0,0,0
58,2,0,1,1500,"E",24000,"O",23392,10464,676,0,0,0,0
52,2,0,1,2500,"V",32403,"O",4928,8464,536,104,0,100,0
42,0,0,1,0,"P",30000,"O",45664,34464,760,800,0,0,0
66,0,0,1,0,"P",18000,"O",64000,0,416,192,0,0,0
39,0,0,1,0,"V",0,"U",0,0,416,0,0,0,0
17,0,0,1,0,"R",16200,"F",0,0,160,0,0,0,0
60,0,0,0,0,"V",24300,"O",62000,60000,440,156,0,0,0
65,0,0,1,0,"E",45000,"P",0,0,200,0,0,0,0
58,0,0,1,0,"B",30900,"F",0,0,280,0,0,0,0
26,0,0,1,0,"E",9464,"O",17856,0,0,0,0,0,0
48,3,0,1,0,"P",41400,"O",6464,36000,352,320,0,0,0
45,2,0,1,6250,"V",41256,"O",60928,56464,1292,0,0,0,0
54,2,0,1,0,"V",31500,"O",54464,0,912,88,0,200,1
62,1,0,1,0,"E",33000,"O",14464,4,0,0,0,0,1
42,2,0,1,6000,"P",27000,"O",63392,20000,460,0,0,0,1
48,2,0,1,1800,"V",51000,"O",43392,14464,800,0,0,0,0
46,2,1,1,0,"P",15464,"O",15712,28928,520,0,0,0,0
63,0,0,1,0,"P",18750,"O",464,0,600,0,0,0,0
63,0,0,1,0,"E",24000,"P",0,0,0,428,0,0,0
65,0,0,1,4000,"P",17700,"O",2464,64000,500,200,0,0,0
61,0,0,0,0,"P",16500,"F",0,0,400,80,0,0,1
59,0,0,1,0,"V",30000,"P",0,0,0,0,0,0,0
61,0,0,1,0,"P",37500,"P",0,0,0,0,0,0,0
62,0,0,1,0,"T",13800,"O",27392,4928,400,0,0,0,0
34,1,1,1,0,"E",9464,"O",17856,16000,552,0,0,400,0
59,0,0,1,6000,"B",30900,"O",62464,0,0,1400,0,0,0
64,0,0,1,0,"P",18300,"P",0,0,0,0,0,0,0
44,2,0,1,0,"P",15464,"O",59392,54464,2240,0,0,0,0
61,0,0,1,0,"P",33000,"P",0,0,100,500,0,0,0
13,0,0,1,0,"R",45000,"O",6784,4,0,0,0,400,0
29,1,0,1,0,"E",36000,"O",23392,38464,1048,0,0,0,1
55,2,0,1,0,"E",48928,"O",41248,48928,1960,0,0,0,1
44,0,0,0,0,"V",30900,"O",58928,54464,840,440,0,80,0
47,2,0,1,0,"E",0,"U",0,0,0,0,0,0,0
65,0,0,1,0,"P",15000,"P",0,0,0,0,0,0,1
26,0,0,1,0,"P",15600,"O",18464,28000,240,0,0,0,1
47,0,0,1,0,"P",22500,"O",23392,30464,888,0,0,0,1
40,1,0,1,14500,"V",57000,"O",12320,12464,680,0,0,80,0
36,0,0,1,0,"V",16947,"U",0,0,0,0,464,0,0
63,0,0,1,5200,"P",11700,"O",22464,0,540,264,100,160,1
26,0,0,1,0,"R",17400,"O",22464,4,0,0,464,0,0
37,1,0,1,0,"V",51000,"O",36928,8864,712,0,0,0,1
35,0,0,1,0,"P",21000,"O",34464,0,240,0,0,0,0
64,0,0,1,0,"V",18252,"P",0,0,0,0,0,0,0
64,0,0,1,0,"P",12000,"P",0,0,0,0,0,0,0
56,1,0,1,8050,"V",43500,"O",8928,62464,1168,0,56,0,0
56,0,0,1,11300,"P",24000,"O",48928,58464,880,304,0,0,0
42,1,2,1,5040,"P",27000,"O",4928,54464,772,0,0,0,0
64,0,0,1,0,"P",27000,"P",0,0,400,472,0,0,0
31,2,0,1,0,"P",31500,"O",63392,50000,728,0,0,0,0
61,1,0,1,0,"P",31671,"O",12928,928,540,316,0,120,1
47,2,0,1,0,"P",18000,"U",0,0,400,0,0,0,0
56,0,0,1,0,"P",17700,"F",0,0,400,0,0,0,0
49,1,0,1,9600,"P",22500,"O",43392,4928,1440,0,0,160,1
58,0,0,1,0,"P",18000,"O",0,0,400,0,0,0,0
19,0,0,1,0,"R",0,"O",0,0,0,0,0,0,1
51,2,0,1,0,"P",33000,"O",46464,60000,428,132,504,0,0
69,0,0,1,0,"T",4329,"P",0,0,0,0,0,0,0
56,1,0,0,0,"P",24464,"O",56928,56928,1920,0,0,1200,0
67,0,0,1,0,"T",10500,"P",0,0,288,0,0,0,0
29,0,0,0,0,"E",0,"O",0,0,0,0,0,0,0
64,0,0,0,0,"P",16500,"O",26464,26464,668,96,160,0,0
52,2,0,1,0,"P",25500,"O",38464,0,768,0,0,0,0
48,3,0,1,0,"P",464,"O",23392,2464,0,0,0,0,0
62,0,0,1,8000,"P",24000,"O",26464,0,680,0,0,0,0
67,0,0,1,0,"T",6000,"P",0,0,0,0,0,0,0
37,1,0,1,1300,"P",31500,"U",0,0,392,0,152,160,0
53,3,0,1,0,"E",34500,"O",10928,14464,660,0,0,0,0
67,0,0,1,0,"T",0,"P",0,0,0,0,0,0,0
38,0,2,1,0,"R",10947,"U",0,0,0,0,0,28,0
51,1,0,1,2000,"P",36000,"O",20928,34464,720,200,0,0,0
55,3,0,1,0,"P",24000,"O",50464,30464,880,0,0,0,0
56,3,0,1,0,"M",55200,"U",0,0,560,200,600,200,0
52,3,0,1,0,"P",19500,"O",60000,4,0,0,0,0,0
65,0,0,1,0,"P",10476,"P",0,0,240,0,80,0,1
50,2,0,0,0,"M",39000,"O",28928,42464,1000,240,0,0,0
19,0,0,1,1209,"R",19761,"U",0,0,340,52,0,0,0
43,1,0,1,0,"P",27000,"U",0,0,360,0,0,0,0
53,2,0,1,0,"V",39132,"O",60928,14464,760,0,0,0,0
64,0,0,1,0,"P",9600,"P",0,0,224,0,0,0,0
53,1,0,1,0,"P",52500,"O",24928,54464,1108,348,0,0,0
66,0,0,1,0,"T",5700,"P",0,0,356,0,0,0,0
41,0,0,1,8000,"P",36000,"O",11392,6588,184,0,0,0,0
50,4,0,1,7000,"P",30000,"O",8928,64000,500,540,0,0,1
51,0,0,1,0,"V",9600,"U",0,0,256,0,0,0,0
37,3,0,1,22500,"P",1964,"O",21248,4,0,1600,0,2400,0
56,0,0,1,0,"P",30000,"O",42464,16464,744,188,0,0,1
27,0,0,1,0,"R",18000,"O",0,0,0,0,0,0,0
59,0,0,1,0,"P",31500,"O",58464,26464,640,0,0,200,1
28,0,0,1,5200,"E",0,"O",43392,4,0,0,0,0,0
51,1,0,0,0,"P",54000,"O",3392,22928,1580,0,0,0,0
48,2,0,1,4200,"P",54000,"O",43392,56000,0,0,1600,0,0
58,0,0,1,0,"P",43500,"O",20928,0,800,0,0,280,1
29,0,0,1,0,"V",60000,"O",0,0,0,0,0,0,0
48,2,0,1,5500,"P",3000,"U",0,0,0,0,0,0,1
48,3,0,1,3000,"P",22500,"F",0,0,408,240,0,0,0
52,3,0,1,0,"V",51900,"U",0,0,1360,480,0,160,0
62,1,0,1,2356,"V",27000,"U",0,0,500,100,340,60,0
64,0,0,1,0,"V",17250,"F",0,0,336,0,0,0,0
50,0,0,1,9473,"V",36000,"O",60928,32464,720,0,0,0,0
30,0,0,1,0,"P",6240,"O",0,0,0,0,0,0,0
66,0,0,1,0,"P",14625,"P",0,0,240,92,160,0,0
65,0,0,1,0,"P",15054,"P",0,0,0,0,0,40,0
55,2,0,1,0,"P",60000,"O",8928,26464,800,0,356,0,0
54,1,0,1,10000,"V",6900,"O",36928,6400,512,76,0,0,0
38,0,0,1,0,"V",32769,"O",2464,0,0,160,0,0,0
33,0,0,0,0,"E",9464,"O",10176,4,0,0,0,0,0
23,0,0,1,0,"R",14400,"O",8928,5440,272,0,0,0,0
51,2,0,1,0,"P",42600,"O",4928,4,0,0,0,0,0
41,3,0,1,1976,"P",17940,"U",0,0,496,124,0,0,0
42,1,0,1,0,"V",17100,"U",0,0,352,432,0,80,0
54,1,2,1,0,"P",30000,"O",38464,14400,212,0,0,0,0
31,0,0,1,0,"P",18750,"U",0,0,0,212,0,0,0
58,0,0,1,0,"V",15300,"F",0,0,480,0,0,0,0
58,0,0,1,0,"P",33600,"P",0,0,0,0,0,120,0
39,0,0,1,0,"W",0,"O",46464,26464,0,0,0,0,1
40,0,0,1,0,"P",48000,"O",52320,28928,0,400,0,0,0
57,2,0,1,0,"V",31500,"O",48928,54464,944,0,0,0,0
40,1,0,1,6000,"E",45000,"O",11392,56000,408,216,0,200,0
38,2,0,1,0,"B",54000,"O",4928,28000,324,640,0,240,1
12,0,0,1,0,"R",0,"U",0,0,276,0,0,0,0
64,0,0,1,0,"P",19500,"P",0,0,400,344,0,0,0
49,3,0,1,0,"P",42000,"N",0,0,0,1080,0,0,1
52,2,0,1,0,"E",22500,"O",34464,4,0,0,0,80,0
57,0,0,1,8500,"V",28200,"O",46464,18464,644,240,520,20,0
67,0,0,1,0,"T",5580,"F",0,0,272,0,0,0,0
58,0,0,1,0,"P",24464,"U",0,0,0,0,0,0,0
67,0,0,1,0,"P",12900,"P",0,0,240,0,0,0,0
56,0,0,1,0,"P",24000,"O",64000,0,400,0,0,120,1
57,0,0,1,0,"P",22500,"P",0,0,0,0,0,0,0
40,0,0,1,8000,"P",15000,"O",24928,56000,416,384,0,0,0
68,0,0,1,0,"T",5703,"F",0,0,400,0,0,0,0
66,0,0,1,0,"T",6600,"P",0,0,400,0,0,0,0
64,0,0,1,0,"P",17739,"F",0,0,320,0,0,0,0
56,1,0,1,0,"P",30000,"O",8928,34464,848,0,128,96,0
59,0,0,1,0,"P",36000,"O",52928,24928,1684,228,208,0,1
57,0,0,1,8200,"P",54000,"O",8320,5856,2400,580,0,0,0
52,4,0,1,0,"P",48000,"O",57856,28928,1296,280,0,200,0
59,1,0,1,0,"V",13500,"O",46464,34464,0,0,0,0,0
52,1,0,1,11500,"W",0,"O",15392,60000,388,0,0,0,0
64,0,0,0,7800,"V",19800,"O",30464,26464,0,0,0,0,0
45,1,1,1,0,"E",18000,"U",0,0,392,0,0,0,0
60,0,0,1,0,"B",22500,"P",0,0,320,320,0,0,0
46,2,0,1,0,"E",45000,"O",28928,1928,1400,920,0,0,0
68,0,0,1,0,"P",8100,"P",0,0,0,0,0,0,0
61,0,0,0,9100,"P",38100,"O",49464,48464,600,0,0,120,0
27,0,0,1,3321,"P",45000,"O",9856,28000,320,608,100,0,1
63,1,0,1,12000,"E",3000,"O",6464,48000,440,0,208,0,0
63,0,0,1,0,"P",12000,"P",0,0,0,0,0,0,0
67,0,0,1,0,"T",7500,"P",0,0,0,0,0,0,0
66,0,0,1,0,"P",16500,"F",0,0,340,0,0,0,0
40,0,0,0,0,"B",60000,"O",37856,34464,0,0,0,0,0
35,2,0,1,0,"P",19500,"O",48928,4800,0,0,0,0,0
59,0,0,1,0,"V",15300,"N",0,0,400,0,0,40,1
60,0,0,1,0,"P",41700,"F",0,0,440,600,0,400,0
37,0,0,1,15000,"W",0,"O",3392,4,0,0,0,0,0
47,0,0,0,0,"E",0,"N",0,0,0,0,0,0,0
44,2,1,1,3000,"P",18000,"O",54464,56000,432,0,0,60,0
63,0,0,1,0,"V",25500,"P",0,0,0,0,0,0,0
64,1,0,1,0,"P",15000,"O",57856,35392,0,0,0,0,0
14,0,0,1,0,"R",9900,"O",54464,4,0,0,0,0,0
35,2,0,1,0,"E",30000,"O",54464,4,0,0,0,0,0
59,0,0,1,0,"P",45000,"O",30464,2464,508,0,40,0,1
52,3,0,1,1040,"P",31200,"O",28464,0,612,196,0,0,1
58,0,0,1,3600,"P",17493,"U",48928,0,0,0,0,0,0
55,0,0,1,0,"P",18000,"U",0,0,0,1000,0,0,0
55,2,0,1,0,"P",45000,"O",32928,928,1360,204,0,40,0
55,2,0,1,1100,"V",40950,"O",8928,26464,744,0,120,80,0
63,0,0,0,0,"T",0,"F",0,0,0,0,0,0,0
63,0,0,1,0,"T",5538,"F",0,0,436,0,0,0,0
48,0,0,1,0,"V",29739,"N",0,0,0,1048,0,0,0
41,0,0,1,12000,"P",18000,"O",18464,40000,116,1128,0,0,0
65,0,0,1,0,"P",13065,"P",0,0,240,0,0,0,0
11,0,0,1,0,"R",0,"N",0,0,0,0,0,0,0
49,4,0,1,0,"V",25484,"O",3392,8928,648,0,0,0,0
15,0,0,1,0,"R",27000,"O",28928,0,0,0,0,0,1
57,1,0,1,0,"E",54000,"O",63392,8928,840,0,0,0,0
62,0,0,1,0,"B",30000,"P",0,0,400,0,0,0,0
64,0,0,0,0,"T",5862,"F",0,0,44,0,0,0,0
48,2,0,1,5000,"P",60000,"O",39104,4,0,0,0,0,0
37,2,0,1,10000,"P",60000,"O",17856,42464,1480,0,0,0,0
52,0,0,1,0,"E",0,"O",0,0,1160,0,0,0,1
66,0,0,1,0,"P",21600,"F",0,0,400,60,0,28,1
18,0,0,1,0,"R",0,"F",0,0,0,0,0,0,1
58,2,0,1,3750,"E",24464,"U",0,0,480,0,0,200,0
62,0,0,1,0,"V",0,"P",0,0,0,0,0,0,1
63,1,0,0,0,"V",27000,"U",0,0,320,152,0,40,0
48,3,0,1,0,"V",31887,"O",18464,18464,732,80,232,0,0
67,0,0,1,0,"T",0,"P",56928,0,0,0,0,0,0
56,0,0,1,9000,"P",8640,"O",36928,30464,820,0,0,0,0
39,1,0,1,10000,"P",52500,"O",57856,60000,680,400,0,0,0
69,0,0,1,0,"V",9000,"P",0,0,0,0,0,0,1
67,0,0,1,0,"T",7200,"F",0,0,380,0,0,0,0
51,0,0,1,5250,"P",14628,"F",0,0,280,0,0,0,0
54,2,0,1,3300,"V",42000,"O",8928,50464,848,0,0,80,0
66,0,0,1,0,"V",19500,"N",0,0,0,0,0,0,0
45,0,0,0,0,"P",22800,"U",0,0,600,0,0,0,0
36,0,0,1,0,"V",15600,"U",0,0,352,0,0,0,0
8,0,0,1,10313,"R",36855,"O",48928,4,0,0,0,0,0
50,2,0,1,0,"P",52500,"O",3392,30464,716,808,260,0,0
63,0,0,1,10000,"P",17160,"O",46464,46464,820,120,0,0,0
48,1,2,1,8512,"P",26802,"U",0,0,440,0,0,0,1
57,0,0,1,0,"P",21000,"U",0,0,60,400,0,100,0
49,2,0,1,0,"V",46917,"O",63392,34464,816,0,0,0,0
46,2,0,1,20000,"P",42000,"O",28928,12000,240,0,0,0,0
60,1,0,1,0,"P",42000,"O",52320,54464,1020,0,0,300,0
44,1,0,1,16000,"V",9696,"O",28928,56000,0,0,0,0,0
56,0,0,1,0,"P",18600,"N",0,0,0,0,0,120,0
44,2,0,1,1600,"E",30000,"N",0,0,200,360,160,0,0
54,3,0,1,0,"E",21000,"U",0,0,384,1040,0,0,0
32,0,0,1,0,"E",0,"O",0,0,0,0,0,0,0
64,0,0,1,0,"V",36000,"P",0,0,0,0,0,0,0
54,1,0,1,0,"P",36000,"O",62464,62464,680,100,0,0,0
62,0,0,0,0,"P",25500,"U",0,0,340,132,0,0,0
37,0,0,1,16600,"V",16497,"O",54464,4,0,0,0,0,0
37,2,1,1,0,"M",12464,"F",0,0,480,0,0,1000,0
65,0,0,1,0,"V",21000,"P",0,0,0,0,0,0,0
9,0,0,1,0,"R",0,"O",60000,0,0,0,0,0,0
24,0,0,1,550,"R",46500,"O",23392,4,0,0,0,0,0
43,2,0,1,30000,"E",37856,"O",10176,54464,0,0,0,0,0
46,2,0,1,0,"P",6464,"O",3392,46000,400,0,0,0,0
64,0,0,0,0,"P",36000,"F",0,0,800,400,0,0,0
34,0,0,1,5500,"P",16500,"O",8928,0,0,0,0,0,0
54,2,0,1,3000,"P",60000,"O",40464,0,1036,0,160,400,0
38,1,1,1,0,"P",25587,"U",0,0,312,0,0,0,1
47,0,0,1,3000,"P",16500,"U",0,0,0,192,40,0,1
69,0,0,1,0,"M",15000,"F",0,0,0,0,0,0,1
25,0,0,1,0,"P",31500,"O",58464,0,0,0,0,0,1
62,0,0,1,0,"V",24327,"O",22464,8896,592,0,0,0,0
65,0,0,1,0,"T",5325,"F",0,0,600,0,0,0,0
30,0,0,1,40000,"R",0,"O",0,0,0,0,0,0,0
48,0,0,1,0,"P",20220,"O",26464,34000,0,668,0,0,1
46,0,0,1,0,"P",30000,"O",48000,12000,160,320,0,0,0
66,0,0,1,0,"P",16200,"P",0,0,0,228,0,0,0
68,0,0,1,0,"T",6900,"P",0,0,0,0,0,0,0
61,0,0,1,13000,"P",0,"O",28928,4,0,0,0,0,1
32,0,0,1,0,"P",35847,"U",0,0,300,0,444,0,0
64,0,0,0,0,"P",19500,"U",0,0,240,208,80,0,0
61,0,0,1,0,"P",26265,"P",0,0,0,0,480,40,0
38,0,0,0,0,"P",0,"N",6784,0,0,0,0,0,0
32,1,0,1,3000,"P",18464,"O",27392,52000,376,580,0,160,0
67,0,0,1,0,"T",0,"P",0,0,0,0,0,0,0
58,0,0,1,0,"P",34956,"O",22464,64000,428,320,0,240,0
60,0,0,1,0,"B",34500,"F",0,0,560,0,0,0,0
35,0,0,1,0,"B",31200,"U",0,0,88,260,0,0,0
38,0,0,1,0,"P",36000,"O",63392,30464,680,948,0,0,0
64,0,0,1,0,"P",19200,"P",0,0,0,320,0,0,0
30,1,0,0,0,"P",34500,"U",0,0,0,472,0,0,1
37,0,2,1,0,"P",37440,"U",0,0,0,0,532,0,0
32,1,0,1,0,"R",0,"F",0,0,0,0,0,0,1
57,0,0,1,0,"V",40500,"O",34464,8464,600,200,0,200,0
21,1,0,0,0,"R",0,"U",0,0,0,0,0,0,1
59,1,0,1,0,"B",17700,"U",0,0,320,0,0,32,0
21,0,0,1,0,"R",0,"O",62464,4,0,0,0,0,0
62,0,0,1,0,"P",24600,"O",46464,14464,624,0,224,0,0
59,0,0,1,0,"V",24300,"O",6464,49000,0,0,0,0,1
47,2,0,1,0,"B",21000,"O",36928,52000,376,0,0,0,1
63,0,0,1,5500,"V",30000,"U",0,0,0,300,80,80,0
48,0,0,0,2000,"P",24000,"O",24928,59796,504,0,0,0,0
33,0,0,1,0,"R",30000,"O",8928,4,0,0,0,0,0
48,1,0,1,0,"P",6464,"O",56928,8928,1480,1000,728,100,0
48,2,0,1,9500,"P",9464,"O",63392,54464,1400,0,0,0,0
46,0,0,1,10800,"P",20250,"U",0,0,0,0,0,0,1
42,0,0,1,0,"V",34947,"O",62464,0,600,100,48,0,1
55,1,0,0,0,"P",12464,"N",0,0,0,0,0,0,0
50,0,0,1,4000,"E",15000,"O",48928,64000,1000,0,0,0,1
37,3,0,1,0,"V",64500,"O",64464,28464,888,0,52,0,0
68,0,0,1,0,"P",9000,"P",0,0,0,0,0,0,0
26,0,0,1,0,"E",15928,"O",37856,4,0,0,0,0,0
38,3,0,1,0,"P",36000,"O",54464,26000,320,0,0,0,0
45,0,0,1,4000,"E",30000,"U",0,0,476,400,0,0,0
58,0,0,1,0,"P",22500,"P",0,0,800,0,0,0,0
62,0,0,1,4056,"P",27000,"O",26464,1396,492,0,0,0,0
55,2,0,1,0,"P",39000,"O",40928,24928,1152,0,0,0,0
36,2,0,1,0,"V",0,"O",30464,7200,224,0,0,0,1
65,1,0,0,6858,"W",0,"F",0,0,352,0,0,80,1
44,3,0,1,0,"P",60000,"O",17856,60000,400,0,0,400,0
53,0,0,1,10200,"P",33000,"O",17856,30464,800,0,0,0,0
51,1,0,1,20000,"P",12600,"O",28928,34464,720,0,0,0,0
58,0,0,1,0,"V",25653,"P",0,0,0,220,0,0,0
63,0,0,1,0,"V",20400,"P",0,0,200,0,0,300,0
69,0,0,1,0,"P",12162,"P",0,0,200,0,0,0,0
44,2,0,1,15000,"P",9000,"O",53392,30464,680,0,0,0,1
50,2,0,1,2671,"V",31260,"O",48928,2464,496,0,0,0,0
48,1,0,1,0,"V",38511,"O",48464,2464,500,0,0,100,0
62,1,0,1,1440,"P",21000,"U",0,0,444,76,116,0,0
51,2,0,1,0,"P",15180,"P",0,0,0,0,0,0,0
59,0,0,1,0,"V",22200,"F",0,0,0,0,0,0,0
68,0,0,1,0,"T",0,"N",0,0,132,0,0,0,0
65,0,0,1,0,"P",15000,"P",0,0,0,0,0,0,0
62,0,0,1,10000,"P",15000,"O",34464,2464,548,0,0,0,0
49,1,0,0,0,"P",10500,"O",10464,36000,348,0,0,0,0
16,0,0,1,0,"R",0,"O",0,0,0,0,0,0,0
32,0,0,1,6000,"P",30000,"O",27392,10000,100,720,0,200,0
52,0,0,1,0,"P",14040,"P",0,0,0,120,0,40,1
63,0,0,1,0,"V",20250,"O",6464,60000,436,0,0,0,1
25,0,0,1,0,"R",0,"O",54464,4,0,0,0,0,0
62,0,0,1,0,"P",26520,"P",0,0,0,0,72,0,0
65,0,0,0,0,"V",9276,"N",0,0,96,0,0,0,0
16,0,0,1,0,"R",0,"O",2928,4,0,0,0,0,1
66,0,0,0,0,"P",26571,"N",0,0,0,0,0,0,1
48,2,0,1,0,"P",9464,"O",17856,2464,0,0,0,0,0
33,2,0,1,1500,"B",464,"O",3392,56000,448,400,0,0,0
49,0,0,0,0,"P",16500,"P",0,0,0,0,0,0,1
63,0,0,1,0,"P",24000,"O",10464,0,740,0,0,0,0
62,0,0,0,4700,"P",15000,"O",48000,0,320,328,0,0,0
57,1,0,1,0,"W",0,"O",0,0,0,0,0,0,0
60,0,0,1,0,"P",13284,"N",0,0,0,188,0,0,0
19,0,0,1,0,"R",6846,"N",0,0,0,0,0,0,1
33,0,0,1,9000,"P",13434,"O",42464,56000,240,0,0,80,0
44,1,0,1,0,"P",15000,"O",43392,4,0,0,0,0,0
59,1,1,0,0,"P",35460,"O",12928,62464,900,0,0,44,1
57,0,0,1,0,"M",33000,"P",0,0,520,0,0,0,0
68,0,0,1,0,"T",0,"P",0,0,0,0,0,0,0
65,0,0,1,0,"P",21000,"P",0,0,0,800,0,0,0
51,2,0,1,0,"P",21000,"O",50464,0,0,0,0,40,0
50,2,0,1,7518,"P",27000,"O",54464,54800,384,0,160,0,0
47,2,0,1,0,"P",33000,"O",18464,32000,276,0,316,292,0
34,1,0,0,0,"V",24900,"O",63392,4,0,280,0,0,0
65,0,0,1,0,"T",0,"F",0,0,0,0,0,0,0
30,0,0,1,0,"E",9464,"O",0,0,0,0,0,0,1
45,1,0,1,8000,"E",24000,"O",32320,0,0,0,0,0,1
65,0,0,1,0,"P",20100,"P",0,0,0,256,0,0,0
55,2,0,1,17000,"W",0,"O",10176,54464,0,0,0,0,0
54,0,0,1,6700,"P",46500,"O",58464,2464,480,0,0,0,0
48,2,1,1,0,"W",0,"O",35392,4928,0,0,0,0,1
43,1,0,1,0,"W",0,"O",10176,0,0,0,0,0,0
60,0,0,1,0,"V",15390,"P",0,0,0,0,0,0,0
56,0,0,1,0,"P",10500,"F",34464,0,0,0,0,0,0
24,0,0,1,0,"E",30000,"O",44928,0,0,0,0,0,1
56,0,0,1,0,"P",21000,"U",0,0,160,228,0,0,0
67,0,0,1,0,"T",0,"P",0,0,0,0,0,0,0
61,0,0,1,0,"T",0,"P",0,0,0,0,0,0,0
55,0,0,1,17446,"W",0,"F",0,0,0,0,0,0,0
63,0,0,0,0,"U",0,"F",0,0,0,0,0,0,1
51,2,0,1,2000,"V",39000,"O",62464,18464,660,416,0,0,0
56,1,0,1,0,"P",33000,"U",0,0,120,280,0,0,0
68,0,0,1,0,"V",17739,"P",0,0,0,0,0,0,0
32,0,1,1,2152,"B",36969,"F",0,0,464,184,0,0,0
50,0,0,1,7000,"V",36000,"O",3392,40000,400,0,0,0,0
63,0,0,1,6000,"M",24600,"O",34464,0,608,460,0,0,0
53,1,0,1,0,"P",21135,"U",0,0,200,0,0,0,0
47,0,0,1,19500,"P",13500,"O",27392,16928,0,0,0,280,0
54,2,0,1,6984,"P",22500,"O",46464,2464,492,180,80,160,0
65,0,0,0,0,"V",17100,"N",0,0,240,0,0,0,0
46,1,0,1,0,"V",9768,"P",0,0,0,0,0,120,0
61,0,0,1,6420,"P",19200,"N",0,0,0,392,0,0,1
52,2,0,1,0,"V",12048,"O",18928,7696,92,248,0,0,0
23,0,0,1,0,"P",22500,"O",34464,4,0,0,0,0,0
67,0,0,1,0,"T",0,"N",0,0,0,0,0,0,0
61,0,0,1,2400,"P",21900,"O",8464,8464,532,0,0,0,0
26,0,0,1,0,"R",6885,"O",34464,4,0,0,0,0,0
62,1,0,1,9000,"P",42000,"O",54464,0,800,0,0,0,0
56,1,0,1,14226,"V",28797,"O",4928,46464,776,0,0,0,0
61,0,0,1,13000,"V",42000,"O",54464,34464,720,0,80,0,0
51,0,0,1,2230,"E",24464,"P",28928,0,0,0,928,0,0
59,0,0,1,2000,"E",24000,"U",0,0,160,0,0,0,0
66,0,0,1,0,"P",28800,"P",0,0,0,0,0,240,0
50,2,0,1,3000,"P",19500,"O",8928,0,784,0,120,24,0
67,0,0,1,0,"M",14400,"N",0,0,0,0,0,0,1
65,0,0,1,0,"P",21000,"P",0,0,320,0,0,40,0
17,0,0,1,0,"R",18000,"O",17856,4,0,0,0,0,1
50,2,0,1,0,"P",21000,"U",0,0,484,0,128,0,0
57,0,0,1,0,"V",36600,"O",928,54464,1200,0,0,0,0
54,0,0,1,0,"V",33000,"F",0,0,200,0,0,0,1
42,0,0,1,10000,"P",34800,"O",46464,20000,540,0,0,200,0
43,0,0,1,0,"P",15858,"N",0,0,0,0,0,96,0
29,0,0,1,13000,"V",12000,"O",23392,16000,0,0,0,0,0
11,0,0,1,0,"R",15000,"O",28464,4,0,0,0,0,1
61,1,0,1,0,"E",0,"P",0,0,0,0,0,0,1
67,0,0,1,0,"P",7290,"P",0,0,0,0,0,0,0
21,0,0,1,0,"R",0,"O",8928,4,0,140,0,0,1
67,0,0,1,0,"P",19911,"P",0,0,0,276,0,0,0
38,1,0,1,5000,"P",18000,"U",0,0,400,440,0,0,1
35,0,0,1,0,"P",28152,"O",62464,36000,360,224,240,20,0
64,0,0,1,0,"P",24192,"O",34464,0,684,0,204,0,1
62,0,0,1,0,"P",31812,"P",0,0,200,0,0,240,0
63,0,0,1,0,"P",27000,"F",0,0,0,0,0,0,0
37,1,0,1,2600,"P",13500,"O",37856,4,0,0,0,0,0
32,0,0,1,0,"Z",0,"U",0,0,0,0,400,0,0
64,0,0,1,0,"T",0,"P",0,0,0,0,0,0,0
36,0,0,1,0,"W",0,"O",17856,4,0,0,0,0,1
16,0,0,0,0,"R",0,"N",0,0,0,0,0,0,1
40,2,0,1,0,"E",30000,"O",0,0,0,0,0,0,0
28,0,0,1,0,"E",33000,"O",28928,38464,1268,600,0,0,1
29,0,0,1,0,"V",56400,"O",28928,4000,92,0,0,0,0
63,0,0,1,0,"P",23700,"P",0,0,0,320,0,200,0
43,3,0,1,6500,"P",28500,"U",0,0,720,380,0,0,0
24,2,0,1,0,"V",3884,"O",37856,4,0,0,0,0,0
48,1,1,1,2000,"V",45900,"O",36928,22464,800,0,0,0,0
10,0,0,1,0,"R",20250,"O",17856,4,0,0,0,0,1
28,0,0,1,0,"P",27000,"O",23392,0,0,0,0,320,0
46,3,0,1,0,"P",30464,"O",36928,34464,852,560,52,0,0
22,0,0,1,5000,"R",9000,"O",8928,0,0,0,0,0,1
50,0,0,1,0,"E",15600,"O",20928,32000,320,0,0,0,1
53,0,0,1,0,"P",60000,"O",12928,26464,880,0,0,200,0
63,0,0,1,0,"P",24000,"P",0,0,0,0,0,0,0
15,0,0,1,0,"R",15000,"O",48928,4,0,0,0,0,0
63,0,0,1,0,"P",30000,"P",0,0,0,580,0,0,0
46,1,0,1,3000,"E",30000,"O",3392,62464,1200,0,0,100,1
43,0,0,1,0,"V",9360,"F",0,0,408,0,0,0,0
68,0,0,1,0,"P",0,"P",0,0,0,0,0,60,0
46,2,0,1,0,"P",60000,"O",63392,54464,824,0,0,200,1
50,1,0,1,0,"V",54000,"O",37856,54464,1088,0,0,0,1
44,3,0,1,0,"V",49167,"O",12928,56000,308,476,0,56,0
34,1,0,1,2000,"V",36000,"U",0,0,96,200,0,0,0
44,0,0,1,17800,"P",30000,"O",37856,34464,688,0,0,0,0
60,0,0,1,0,"V",37800,"F",0,0,520,400,0,40,0
59,0,0,1,0,"P",45000,"O",8928,54464,1176,0,364,0,1
61,0,0,1,0,"P",18900,"N",0,0,0,200,0,0,0
68,0,0,1,0,"P",13500,"P",0,0,0,0,0,92,0
25,0,0,1,0,"P",57258,"O",43392,4,0,0,1464,0,0
68,0,0,1,0,"P",8112,"P",0,0,0,0,0,0,1
56,0,0,1,0,"P",15600,"F",0,0,480,0,0,0,0
24,0,0,1,0,"Z",13500,"O",8928,4,0,0,0,0,1
41,0,0,1,2500,"P",16113,"U",0,0,640,552,0,0,0
65,0,0,1,0,"P",25500,"F",0,0,480,0,0,0,0
42,0,0,0,0,"P",12000,"P",0,0,0,0,0,0,1
61,0,0,1,0,"P",27540,"O",50464,0,984,0,160,0,0
39,2,0,1,15000,"W",0,"O",43392,4,0,0,0,80,1
26,0,0,1,0,"R",10500,"U",0,0,368,0,0,0,1
64,0,0,1,0,"V",30870,"P",0,0,0,0,0,0,0
31,0,0,1,0,"V",40500,"O",14464,0,0,0,0,0,0
60,2,0,1,10000,"V",18264,"O",14464,0,348,0,340,0,1
66,0,0,1,0,"P",13500,"P",0,0,320,0,0,0,0
9,0,0,1,0,"R",0,"O",0,0,0,0,0,0,0
67,0,0,1,0,"T",0,"P",0,0,0,0,0,0,0
28,0,0,1,0,"P",14400,"O",62464,0,0,0,0,0,0
11,0,0,1,2910,"R",20700,"O",46464,4,0,0,448,0,0
47,1,0,1,0,"P",27000,"U",0,0,576,388,0,0,0
63,0,0,1,0,"V",23460,"F",0,0,800,200,0,0,0
65,0,0,1,0,"V",16500,"P",0,0,0,0,0,0,0
55,2,0,1,4320,"P",21600,"O",46464,46464,744,440,0,0,1
41,0,0,1,0,"V",37620,"O",928,33988,0,420,0,160,0
62,0,0,0,0,"V",18033,"O",54000,38000,296,0,56,80,0
62,0,0,0,0,"V",24327,"P",0,0,280,148,0,40,0
35,0,0,1,2000,"P",27000,"U",0,0,400,0,120,0,0
62,0,0,1,0,"V",32769,"O",25464,22064,640,0,0,0,0
67,0,0,1,0,"P",12300,"P",0,0,0,0,0,0,0
60,0,0,1,8500,"V",40800,"O",2928,53264,960,0,0,0,0
58,1,0,0,14000,"N",9000,"O",8928,0,0,0,0,0,1
27,0,0,1,768,"R",0,"F",0,0,184,0,0,0,1
42,1,0,1,0,"E",25500,"O",54464,57600,424,0,0,0,1
30,0,0,1,2800,"E",14400,"O",64000,32800,268,0,0,0,1
58,0,0,1,0,"P",27000,"P",0,0,0,232,0,0,0
38,3,0,1,15000,"P",5760,"O",63392,34464,744,0,0,0,0
63,0,0,1,0,"V",19500,"F",0,0,0,0,0,0,0
60,1,0,1,0,"P",24000,"O",42464,24464,800,0,440,0,0
33,0,0,1,14000,"V",51000,"O",14464,0,0,0,0,0,0
32,0,0,1,0,"R",16200,"P",0,0,0,0,0,0,0
67,0,0,1,0,"P",19347,"P",0,0,0,0,0,0,0
68,0,0,1,0,"T",5400,"P",0,0,0,0,0,0,1
61,0,0,1,8200,"P",36000,"O",38464,26464,704,0,548,0,0
54,1,0,1,0,"P",53208,"O",1392,14464,800,420,0,200,0
40,3,0,1,0,"V",9014,"O",9856,14464,0,0,0,0,0
47,2,0,1,0,"P",19500,"U",0,0,0,0,0,0,0
45,1,0,1,0,"V",45600,"O",3392,24928,1388,500,0,0,0
18,0,0,1,0,"E",27000,"O",21248,28000,240,0,0,0,0
62,0,0,0,0,"P",22500,"F",0,0,120,0,0,0,1
66,0,0,0,0,"T",0,"N",0,0,320,0,0,0,1
50,2,0,1,2200,"V",45000,"O",8928,7264,492,316,0,40,0
27,0,0,1,0,"R",0,"O",23392,4,0,200,0,0,1
64,0,0,1,0,"P",22500,"N",0,0,320,400,0,0,0
60,0,0,0,0,"V",20100,"P",0,0,480,216,0,0,0
59,0,0,1,0,"V",30699,"P",0,0,0,0,0,0,0
48,2,1,1,0,"P",14864,"O",23392,26464,528,0,0,0,0
30,0,0,1,0,"V",12000,"U",0,0,0,0,0,0,0
46,2,0,1,0,"B",36464,"O",63392,34464,960,0,0,1200,0
60,0,0,0,0,"U",14400,"P",0,0,160,0,0,0,0
62,0,0,1,0,"P",15000,"P",0,0,0,0,0,0,0
68,0,0,1,0,"T",0,"P",0,0,0,0,0,0,0
29,0,0,1,2488,"P",31500,"O",28928,16000,320,500,0,80,0
42,0,0,1,0,"E",30000,"O",43392,22464,800,372,0,0,0
49,4,0,1,0,"W",15660,"O",18464,40000,340,0,0,0,0
46,2,0,1,2800,"P",61500,"O",48928,40000,320,0,0,400,0
54,0,0,1,0,"E",60000,"U",0,0,408,0,0,0,0
65,0,0,0,0,"V",18000,"U",0,0,288,0,0,0,0
38,0,0,1,0,"P",27000,"U",0,0,0,0,0,0,1
64,0,0,1,0,"V",36000,"P",0,0,0,0,0,0,0
60,0,0,1,0,"B",25500,"F",0,0,520,0,0,0,1
58,0,0,1,5600,"P",36600,"O",62464,33264,760,120,0,0,0
67,0,0,1,0,"V",12537,"P",0,0,400,0,0,0,0
35,1,0,1,7367,"P",18087,"U",0,0,0,0,0,0,0
65,0,0,1,0,"V",26400,"F",0,0,320,0,0,0,0
49,4,0,1,1500,"P",30000,"O",43392,14464,0,0,0,0,0
63,0,0,1,0,"P",21000,"P",0,0,640,0,0,0,0
11,0,0,1,0,"R",0,"O",12928,4,0,0,0,0,1
42,0,0,1,0,"V",19092,"O",0,0,0,216,0,0,0
29,0,0,1,11649,"P",45000,"O",28928,26000,820,300,0,0,0
69,0,0,1,0,"T",0,"P",0,0,0,0,0,0,1
54,3,0,1,0,"E",37856,"O",28032,4,0,0,0,0,0
18,0,0,1,2461,"R",16131,"O",46464,4,0,0,0,0,0
57,1,1,1,0,"P",27000,"U",0,0,520,0,0,0,0
49,0,0,1,0,"V",46500,"O",54464,10464,640,0,0,0,0
18,2,0,1,0,"R",0,"O",17856,0,0,0,0,0,0
46,0,0,1,0,"E",43200,"O",54464,24000,340,0,0,0,0
62,1,0,1,0,"E",9360,"O",0,0,0,0,0,0,1
64,0,0,1,0,"P",0,"P",0,0,0,0,0,0,0
27,0,0,1,0,"P",20700,"O",46464,11000,192,236,0,0,0
41,2,0,1,3000,"P",31500,"O",8928,34000,240,0,0,0,0
55,0,0,1,0,"V",43632,"O",2928,34464,684,0,328,300,0
40,0,0,1,30000,"W",0,"O",32320,54464,0,0,0,0,0
37,0,0,1,0,"P",54464,"O",6784,4,0,0,0,0,0
30,0,0,1,0,"P",30000,"O",34464,4,0,0,52,0,1
66,0,0,1,0,"T",0,"P",0,0,0,0,0,0,1
64,0,0,1,0,"B",19290,"P",0,0,0,0,32,0,0
58,2,0,1,0,"W",0,"U",0,0,0,0,0,0,1
30,1,0,1,300,"P",27000,"O",13568,20000,200,0,0,240,1
67,0,0,1,0,"P",6024,"P",16000,6000,0,0,0,0,1
40,1,0,1,5227,"P",11733,"U",0,0,280,184,76,0,0
22,0,0,1,2200,"E",58500,"O",56928,36,0,0,0,0,1
63,0,0,1,0,"P",14820,"P",0,0,320,140,0,0,1
69,0,0,1,0,"P",15000,"P",0,0,0,0,0,40,0
29,0,0,1,0,"V",15000,"O",61248,54464,0,0,0,0,0
35,0,0,1,0,"E",18000,"P",0,0,0,0,0,0,0
56,2,1,1,0,"E",36000,"O",28464,2464,588,108,0,0,1
46,1,0,1,5000,"W",5850,"U",0,0,0,0,0,0,0
64,0,0,1,0,"E",0,"P",0,0,0,0,400,0,1
41,1,0,1,4000,"P",33000,"U",0,0,552,280,0,160,1
55,0,0,1,0,"P",46562,"F",0,0,0,0,0,0,0
51,0,0,1,0,"P",55131,"O",32320,48928,1600,0,0,0,0
68,0,0,1,0,"P",7200,"P",0,0,80,0,0,0,1
53,0,0,1,14700,"V",44100,"O",8928,34464,704,624,0,0,0
69,0,0,1,0,"P",7488,"P",0,0,0,0,0,0,0
63,0,0,1,0,"V",18000,"P",0,0,0,0,0,0,0
52,0,0,1,15000,"P",30000,"O",23392,26464,664,0,0,80,0
52,0,0,1,7000,"P",39000,"O",57856,4928,1000,560,360,180,0
59,0,0,0,0,"M",30000,"O",60464,0,480,428,0,0,0
34,0,0,1,9000,"P",24000,"U",0,0,468,400,0,0,0
58,0,0,1,9600,"W",0,"O",46464,12464,604,0,0,0,0
68,0,0,1,0,"V",15900,"P",0,0,0,0,0,0,0
42,0,1,1,12000,"M",7964,"U",0,0,800,0,0,0,0
51,3,0,1,0,"P",51000,"O",12320,4928,1108,0,0,0,0
38,0,0,1,5600,"V",42000,"O",20928,4,0,0,0,0,0
66,0,0,1,0,"P",22200,"F",0,0,352,0,0,0,0
53,0,1,1,0,"P",9464,"O",57856,54464,1000,0,0,0,0
14,0,0,1,0,"R",0,"U",0,0,584,0,0,0,1
56,0,0,1,0,"V",33000,"P",0,0,0,920,0,0,1
55,2,0,1,0,"V",31500,"O",60928,54464,960,0,0,0,0
18,0,0,0,0,"R",0,"O",14464,4,0,0,0,0,1
62,0,0,1,0,"P",21000,"P",0,0,0,0,0,0,0
8,0,0,1,0,"R",0,"U",0,0,0,0,0,0,1
60,0,0,1,0,"T",0,"P",0,0,0,0,0,0,1
61,2,0,1,0,"P",16500,"N",0,0,0,0,0,0,1
66,0,0,1,0,"T",6000,"P",0,0,160,0,0,0,0
18,0,0,1,2000,"R",24000,"O",3392,0,0,0,0,0,0
62,1,0,1,0,"P",19500,"F",0,0,388,0,0,0,0
64,0,0,0,0,"P",20100,"F",0,0,480,0,0,0,1
40,2,0,1,0,"V",64800,"O",17856,48000,368,0,0,0,1
65,0,0,1,0,"T",5538,"P",0,0,400,0,0,0,0
66,0,0,0,0,"P",13800,"F",0,0,272,0,0,32,0
61,0,0,1,0,"P",33000,"O",38464,24064,764,0,0,60,0
42,1,0,1,7000,"E",9000,"O",20928,22464,880,0,0,0,1
28,0,0,1,0,"R",0,"N",0,0,0,0,0,0,0
56,0,0,1,0,"P",24900,"U",0,0,0,0,552,0,0
55,0,0,1,0,"P",29700,"F",0,0,260,0,0,0,0
22,0,0,1,0,"R",45000,"O",3392,9600,1240,0,0,160,0
41,1,0,1,0,"E",0,"U",0,0,368,0,0,0,1
51,2,0,1,2000,"P",24000,"O",8928,40000,368,200,0,0,1
55,1,0,1,0,"E",9464,"O",63392,23392,1400,0,0,0,1
37,0,1,1,0,"M",13964,"O",40928,28928,1520,656,0,0,0
42,0,0,1,1230,"P",39000,"O",54464,40000,0,0,0,0,1
62,0,0,1,8725,"V",27969,"O",26464,21864,688,320,0,260,0
61,0,0,1,2000,"P",45000,"O",62464,46464,840,0,580,0,0
43,3,0,1,1872,"P",21000,"U",0,0,388,0,100,0,1
58,2,0,1,0,"B",45000,"O",17856,52464,800,0,0,0,0
42,3,0,1,1680,"B",24000,"O",3392,46000,292,0,0,0,1
66,0,0,1,0,"E",0,"P",0,0,0,0,0,0,0
60,0,0,0,0,"V",19323,"N",0,0,0,0,0,0,1
62,0,0,1,0,"P",15000,"P",0,0,340,0,0,0,0
56,0,0,1,0,"E",18000,"P",0,0,0,0,0,0,1
41,2,0,1,0,"P",27000,"U",0,0,580,100,56,0,0
63,0,0,1,0,"E",15000,"P",0,0,240,0,0,200,0
66,0,0,1,0,"P",17010,"P",0,0,0,0,0,120,0
64,0,0,1,0,"P",24300,"P",0,0,200,160,0,0,1
52,0,0,1,11500,"V",36000,"O",60464,60464,0,480,776,0,0
43,2,0,1,0,"P",57000,"O",48928,44000,320,620,0,320,0
10,1,0,1,0,"R",22500,"O",6928,4,0,0,0,0,0
67,0,0,1,0,"P",13800,"P",0,0,480,116,0,0,1
61,0,0,1,0,"P",19500,"P",0,0,400,0,0,0,0
59,0,0,1,0,"P",9464,"F",0,0,0,0,0,0,0
52,2,0,1,1000,"P",9464,"O",16960,54464,1200,0,0,0,0
57,1,0,1,0,"W",0,"O",32928,0,0,0,0,0,1
3,0,0,1,0,"R",0,"O",28928,4,0,0,0,0,1
57,1,0,1,0,"P",16200,"O",2992,14928,0,0,0,0,0
23,0,0,1,0,"P",60000,"N",0,0,0,0,0,0,0
62,2,0,1,0,"E",20160,"O",34464,32464,720,0,0,0,1
67,0,0,1,0,"T",5400,"P",0,0,0,0,0,0,1
58,0,0,1,10300,"P",54000,"O",63392,18464,560,560,0,0,0
27,0,0,1,10192,"W",0,"O",8928,4,0,0,0,0,1
57,1,0,0,4500,"P",22500,"U",0,0,320,56,0,0,0
56,2,0,1,0,"P",54000,"O",22464,54800,500,0,0,120,0
60,0,0,1,0,"P",30000,"P",0,0,0,800,0,0,0
63,0,0,1,0,"P",31500,"O",44464,39464,840,0,0,0,0
63,0,0,1,0,"V",20043,"F",0,0,400,0,0,0,1
15,0,0,1,0,"R",39000,"O",48928,4,0,0,0,0,1
69,0,0,1,0,"T",0,"P",0,0,0,0,0,0,0
52,2,0,1,0,"P",50256,"O",30464,0,540,200,0,0,0
64,0,0,1,0,"V",19818,"F",0,0,280,0,0,0,0
50,0,0,1,0,"V",15588,"O",0,0,0,0,0,0,0
42,1,0,1,20000,"W",0,"N",0,0,0,0,0,0,0
49,2,0,1,2300,"E",36000,"O",8928,48000,348,680,0,0,0
63,0,0,1,0,"U",0,"P",0,0,0,0,0,0,0
62,2,0,0,8500,"V",24000,"U",0,0,380,0,0,0,0
63,0,0,1,7000,"E",36000,"O",22464,2464,320,0,0,0,0
63,0,0,1,0,"P",20100,"P",0,0,400,0,0,0,0
12,0,0,1,0,"R",0,"O",54464,4,0,0,0,0,1
47,0,0,1,0,"P",12464,"O",17856,44000,364,1040,0,0,1
48,3,0,1,0,"P",9464,"F",0,0,1000,0,0,0,0
19,0,1,1,0,"R",0,"O",0,0,0,0,0,0,0
59,0,0,1,13000,"P",25500,"O",30464,0,680,0,0,400,0
24,0,0,1,0,"V",10311,"U",0,0,448,0,0,0,0
65,0,0,1,0,"P",18000,"F",0,0,0,0,0,800,0
47,0,0,1,0,"V",14976,"O",0,0,0,320,0,0,0
67,0,0,1,0,"P",12000,"P",0,0,160,200,0,0,0
34,0,0,1,0,"P",0,"O",4464,0,180,0,0,0,1
60,0,0,1,6500,"V",24000,"O",0,0,468,240,0,0,1
40,1,0,1,0,"E",37440,"O",54464,34464,760,436,312,0,1
69,0,0,1,0,"T",5400,"P",0,0,0,0,0,0,1
18,0,0,1,0,"R",0,"U",0,0,192,0,0,0,1
51,2,0,1,2000,"P",30000,"O",8928,38464,740,160,120,20,0
59,0,0,1,0,"P",18300,"O",22464,22464,568,0,0,0,1
62,0,0,1,0,"P",30000,"P",0,0,0,0,0,0,0
36,0,0,1,0,"V",40392,"O",12320,0,1760,372,76,280,0
67,0,0,1,0,"P",18756,"F",0,0,440,0,0,0,0
64,0,0,1,0,"V",22500,"F",0,0,480,0,0,0,0
53,3,0,1,10000,"P",13500,"O",54464,26464,640,700,0,0,0
31,0,0,1,0,"V",0,"P",0,0,0,0,0,0,1
39,0,0,1,0,"V",23232,"U",0,0,412,0,0,0,0
47,2,0,0,3000,"P",42000,"O",14464,26000,244,0,200,0,0
64,0,0,0,0,"P",21000,"F",0,0,424,0,0,0,0
19,0,0,1,0,"R",0,"U",0,0,68,0,0,0,0
41,5,0,1,0,"N",60000,"O",0,0,0,0,0,0,0
99,2,0,1,11070,"P",36000,"O",35392,28928,1576,0,0,1600,0
30,0,0,1,0,"P",13800,"O",17856,0,0,0,0,0,0
54,2,0,1,0,"W",0,"U",0,0,0,0,0,0,1
58,0,0,1,0,"V",25800,"F",0,0,0,0,1196,0,0
59,0,0,1,17000,"V",21000,"O",28928,0,0,0,0,0,1
52,0,0,1,0,"P",28575,"O",48464,0,800,0,0,200,0
59,0,0,1,0,"P",25350,"P",0,0,0,0,0,0,0
41,2,0,1,20000,"V",18000,"O",63392,62000,440,620,0,0,0
39,1,0,1,2000,"P",54000,"O",37856,40000,480,0,0,0,0
18,0,0,0,0,"R",8742,"U",0,0,380,0,0,120,0
57,2,0,1,23000,"W",0,"O",3392,28928,0,0,0,0,0
43,1,1,1,0,"V",51000,"O",23392,4,0,440,120,0,0
50,2,0,1,0,"E",36000,"O",48928,0,0,0,0,0,0
33,0,0,1,0,"R",18000,"U",0,0,248,0,0,0,0
67,0,0,1,0,"P",12516,"P",0,0,0,0,0,0,0
69,0,0,0,0,"P",13500,"O",38464,4,0,0,0,0,1
62,1,0,1,0,"V",36600,"U",28928,0,0,428,80,80,0
42,2,0,1,0,"E",0,"U",0,0,0,0,0,0,0
68,0,0,0,0,"T",0,"P",0,0,0,0,0,0,0
31,0,0,1,2704,"P",18204,"U",0,0,424,0,408,0,1
48,0,0,1,0,"P",35271,"O",54464,52000,380,0,0,0,1
51,0,0,1,0,"M",45000,"O",51392,28928,1888,0,0,0,0
60,2,0,1,4500,"W",0,"O",8928,59200,600,80,0,0,0
26,2,0,1,10000,"W",0,"O",21856,4,0,0,0,0,1
33,0,0,1,0,"P",15990,"U",0,0,0,0,0,0,1
30,0,0,1,0,"R",13140,"O",28928,0,0,0,0,0,1
68,0,0,0,6000,"V",18000,"F",0,0,600,0,160,0,1
69,0,0,1,0,"T",0,"P",0,0,0,0,0,0,0
66,0,0,1,0,"P",11232,"P",0,0,0,0,0,0,0
99,0,0,0,0,"Z",0,"N",0,0,0,0,0,0,1
64,0,0,1,0,"T",0,"F",0,0,1000,0,0,0,1
34,2,0,1,0,"E",11520,"O",14464,4,0,0,0,0,1
40,0,0,1,1800,"P",30000,"O",26464,0,368,0,0,0,1
44,2,0,1,0,"E",15000,"O",35392,4,0,0,0,0,0
66,0,0,1,0,"P",26406,"P",0,0,0,0,0,0,0
34,0,0,1,0,"Z",0,"N",0,0,0,0,0,0,1
60,0,0,0,6000,"N",18000,"O",48928,4,0,0,0,0,0
58,2,0,1,6000,"E",18000,"O",0,0,0,0,0,0,1
68,0,0,1,0,"P",15000,"P",0,0,0,640,0,0,0
68,0,0,1,0,"T",0,"F",0,0,120,0,0,0,0
56,0,0,1,0,"N",0,"U",0,0,1400,0,0,0,0
24,0,0,1,0,"R",60000,"N",32320,4,0,0,0,0,1
30,0,0,1,3776,"V",30000,"O",60000,27720,372,0,0,0,0
12,0,0,1,0,"R",0,"O",14464,4,0,0,0,0,1
21,0,0,1,0,"E",54000,"O",43392,4,0,0,0,0,0
69,0,0,1,0,"T",0,"P",0,0,0,0,0,0,1
62,0,0,1,0,"P",12000,"P",0,0,0,48,60,0,0
68,0,0,1,0,"T",0,"P",0,0,0,0,0,0,0
46,0,0,1,7000,"E",15000,"O",8928,30464,672,0,0,40,0
46,3,0,1,1900,"V",34500,"U",0,0,0,744,0,120,1
14,0,0,1,0,"R",0,"O",0,0,0,0,0,0,0
33,0,0,1,5045,"E",0,"U",0,0,440,436,0,0,0
40,3,0,1,7500,"V",37500,"O",3392,34464,0,0,0,0,1
9,0,0,0,0,"R",0,"O",43392,4,0,0,0,0,1
52,2,0,1,2500,"P",22500,"O",928,6464,536,160,0,0,0
61,0,0,1,8000,"P",12600,"U",0,0,420,104,0,100,0
54,0,0,1,0,"P",23100,"O",12928,0,0,0,0,120,1
54,1,0,1,2500,"P",30000,"O",22464,18464,420,0,60,0,0
43,0,0,1,4500,"P",33000,"O",48928,30464,660,0,0,200,0
64,0,0,1,0,"V",24327,"P",0,0,320,0,0,0,0
66,0,0,1,0,"U",0,"P",46784,0,0,224,0,80,1
62,0,0,1,0,"P",24600,"P",0,0,0,264,0,60,0
69,0,0,1,0,"T",0,"P",0,0,0,0,0,0,0
55,2,0,1,0,"P",0,"N",0,0,480,0,0,0,1
52,2,0,1,1955,"P",33000,"O",8928,22464,580,316,40,48,0
99,0,0,1,0,"R",0,"U",0,0,0,0,0,0,1
52,0,0,1,0,"P",48000,"O",28928,34464,800,0,0,0,0
58,2,0,1,9425,"P",29934,"O",28928,54464,968,484,684,0,0
37,0,0,1,0,"E",51000,"O",54464,48000,584,0,400,0,0
67,0,0,1,0,"T",0,"N",0,0,0,0,0,0,0
39,3,0,1,0,"V",43500,"O",28928,8000,400,240,0,0,1
26,0,0,1,2700,"R",60150,"O",48928,4,0,0,0,0,0
57,0,0,1,0,"P",52353,"P",0,0,0,0,0,0,0
68,0,0,0,0,"P",13416,"P",0,0,0,0,0,0,1
60,0,0,0,0,"P",42825,"F",0,0,800,0,0,0,0
49,1,1,1,0,"W",0,"U",0,0,0,0,0,0,0
56,0,0,1,0,"E",9464,"O",36928,14464,640,0,0,800,0
46,1,0,1,0,"P",18928,"O",44640,50464,800,0,0,1000,0
66,0,0,1,0,"T",0,"P",0,0,0,0,0,0,1
68,0,0,1,0,"T",0,"P",0,0,0,0,0,40,0
39,0,0,1,15900,"V",16500,"O",23392,48000,624,880,0,0,1
29,0,0,1,1700,"E",30000,"O",54464,56000,432,0,0,0,0
69,0,0,1,0,"T",0,"P",0,0,0,0,0,0,1
49,2,0,1,5000,"P",43500,"O",30464,40000,300,0,0,220,0
43,0,0,0,0,"E",0,"O",0,0,0,0,0,0,0
51,3,0,0,0,"P",25641,"N",0,0,88,0,0,0,1
22,0,0,1,0,"R",17100,"O",0,0,0,0,0,0,1
41,0,2,1,0,"V",33000,"O",0,0,0,0,0,0,1
61,1,0,1,6500,"V",37200,"O",37856,56928,1760,512,0,0,0
50,2,0,1,2000,"V",48000,"O",43392,28928,1400,800,0,120,1
66,0,0,1,0,"P",13260,"P",0,0,240,0,0,120,0
59,3,0,1,0,"P",24000,"U",0,0,0,0,0,0,1
52,0,0,1,0,"V",42300,"O",57856,54464,872,512,0,0,0
52,2,0,1,0,"P",51690,"O",34464,43600,296,1480,0,60,0
39,1,0,1,50000,"W",24464,"O",23744,16800,0,0,0,1200,0
69,0,0,1,0,"T",0,"P",0,0,400,0,0,0,1
69,0,0,1,0,"T",6570,"P",0,0,308,0,0,0,0
60,1,0,1,0,"P",30900,"O",50464,31164,760,0,0,0,0
58,0,0,1,0,"P",45000,"O",37856,14464,700,0,0,0,0
62,1,0,1,1479,"P",23400,"U",0,0,452,0,0,0,0
55,0,0,1,0,"V",18900,"O",22464,48000,440,324,0,0,0
67,0,0,1,0,"M",16929,"P",36928,52000,0,0,0,0,0
52,1,0,1,0,"P",9464,"O",43392,28928,1600,0,0,0,0
58,2,0,1,0,"E",18000,"P",0,0,0,0,0,0,1
30,0,0,1,4670,"P",27000,"O",0,0,0,0,368,0,0
69,0,0,1,0,"T",0,"P",0,0,0,0,0,0,0
55,0,0,1,10800,"V",14832,"O",46464,14464,648,156,360,0,0
57,0,0,1,0,"P",18928,"O",15712,23392,1680,0,0,120,0
46,0,0,1,0,"P",30000,"O",23392,60000,720,0,0,0,1
60,0,0,1,0,"P",27000,"P",0,0,0,0,0,0,0
56,0,0,1,0,"P",0,"U",0,0,480,560,0,0,0
63,0,0,1,0,"V",19425,"F",0,0,280,0,0,0,0
69,0,0,0,0,"T",0,"F",0,0,520,0,0,0,1
20,0,0,1,0,"P",18978,"U",0,0,120,108,0,200,0
57,2,0,1,0,"P",16848,"P",0,0,400,0,0,0,0
67,0,0,1,0,"T",6300,"P",0,0,0,0,0,0,0
67,0,0,0,0,"M",24000,"N",0,0,0,332,0,0,0
26,1,0,1,0,"R",30000,"O",8928,0,0,0,0,0,0
64,0,0,1,0,"V",22500,"P",0,0,200,0,0,0,0
67,0,0,1,0,"P",19500,"P",0,0,0,0,384,0,0
53,0,0,1,0,"E",17400,"F",0,0,320,0,0,0,0
65,0,0,1,0,"T",6309,"F",0,0,400,0,0,0,0
68,1,0,1,0,"T",0,"P",0,0,164,0,0,0,0
67,0,0,1,0,"P",14892,"P",0,0,0,0,0,0,1
57,0,0,1,0,"P",30000,"O",30464,18464,632,120,0,0,0
59,0,0,1,0,"V",35400,"O",26464,60000,520,468,0,0,0
46,4,0,1,5600,"P",42000,"O",28928,56000,440,0,0,0,0
30,2,0,1,0,"R",9464,"O",13568,61248,0,5200,0,0,0
49,2,0,1,0,"W",0,"O",6784,20000,0,164,0,0,0
69,0,0,1,0,"T",0,"P",0,0,340,0,0,0,1
69,0,0,1,0,"T",0,"P",0,0,720,0,0,0,1
34,1,0,1,36000,"W",0,"O",48320,28928,1600,0,0,80,0
58,0,0,1,0,"P",10500,"O",42464,6464,672,40,0,0,0
53,3,0,1,0,"V",28206,"O",36928,34464,780,0,0,0,0
52,2,0,1,0,"P",33000,"U",0,0,476,240,0,0,1
49,3,0,1,2400,"P",21600,"U",0,0,448,0,0,0,0
68,0,0,1,0,"T",0,"P",0,0,280,0,0,0,1
53,0,0,0,0,"P",45000,"N",0,0,0,0,0,0,0
13,0,2,1,5200,"R",33000,"O",54464,4,0,0,0,80,1
50,2,0,1,34000,"V",54000,"O",64640,23392,1800,800,0,2800,0
68,0,0,0,0,"B",17247,"U",0,0,332,224,0,0,0
55,0,0,0,0,"P",12168,"P",0,0,0,0,0,68,1
69,0,0,1,0,"T",0,"P",0,0,0,0,0,0,1
52,1,0,1,0,"P",0,"N",0,0,0,0,0,0,1
41,0,0,1,0,"E",42000,"O",16960,3392,0,0,0,0,0
55,0,0,1,0,"E",21000,"O",6464,50800,340,0,0,0,0
40,0,0,1,10000,"V",30000,"O",60928,56000,412,0,0,400,0
65,0,0,1,10000,"V",19500,"O",34464,20464,640,0,640,180,0
19,0,0,1,0,"R",0,"U",0,0,0,0,0,0,1
66,0,0,1,0,"T",5400,"P",0,0,0,0,0,32,1
58,0,0,1,0,"T",0,"F",0,0,1200,0,0,0,1
67,0,0,1,0,"T",5745,"P",0,0,0,0,0,0,0
59,0,0,1,0,"E",48000,"O",46464,14464,760,0,0,0,0
26,0,0,1,0,"R",13014,"O",18464,3000,100,0,0,0,0
50,2,0,1,2500,"P",42000,"O",36928,34464,880,208,0,28,0
65,0,0,1,4283,"V",16092,"U",0,0,416,0,40,0,0
56,1,0,1,0,"B",52500,"O",28928,26464,1120,0,0,0,0
66,0,0,1,0,"P",15000,"F",48928,0,0,0,0,0,0
68,0,0,1,0,"T",0,"P",0,0,340,0,0,0,0
53,4,1,1,2080,"E",18000,"U",0,0,320,0,0,0,0
44,2,0,1,5000,"M",60000,"O",27392,46464,1400,0,0,0,1
51,2,0,1,0,"P",0,"O",0,0,0,0,0,0,1
61,2,0,1,0,"W",0,"O",0,0,0,0,0,0,1
40,0,0,0,0,"U",0,"O",28928,4,0,0,0,0,0
59,0,0,1,0,"T",0,"P",0,0,0,0,0,0,1
64,0,0,1,0,"T",0,"P",0,0,0,0,0,0,0
10,2,0,1,0,"R",0,"U",0,0,0,0,0,0,1
64,0,0,1,0,"P",28500,"P",0,0,400,0,0,0,0
26,0,0,1,2640,"R",14400,"O",0,0,0,0,0,0,1
63,0,0,1,0,"P",12366,"P",20928,16000,160,0,0,0,0
52,4,0,1,0,"P",24464,"O",17856,7392,2076,500,0,0,1
69,0,0,0,0,"P",10140,"P",0,0,160,0,0,0,0
65,0,0,1,0,"P",17250,"F",0,0,400,0,0,0,0
66,0,0,0,0,"P",16200,"O",64000,63000,424,0,88,0,1
59,0,0,1,0,"E",30000,"P",0,0,120,0,0,0,0
59,0,0,1,16000,"P",27000,"O",23392,8928,0,0,0,80,0
66,0,0,1,0,"V",18927,"P",0,0,0,0,0,20,0
30,0,0,1,2000,"B",24000,"O",9264,44000,300,540,0,0,1
63,2,1,1,0,"M",0,"U",0,0,520,0,0,80,1
65,0,0,1,0,"T",0,"P",0,0,0,0,0,0,0
52,3,0,1,0,"P",42000,"O",8928,62464,912,0,0,0,0
64,0,0,1,0,"V",21900,"P",0,0,0,0,0,120,1
66,0,0,1,0,"P",22005,"F",0,0,360,280,0,0,0
60,0,0,1,0,"T",13860,"F",0,0,600,0,0,0,0
67,0,0,1,0,"P",16500,"P",0,0,0,0,0,0,0
63,0,0,0,0,"P",18000,"F",0,0,280,0,64,0,1
64,0,0,1,0,"T",0,"F",0,0,400,0,0,0,0
68,0,0,1,0,"T",9000,"P",0,0,0,0,0,0,0
68,0,0,1,0,"P",17100,"P",0,0,480,0,160,0,0
57,2,0,1,0,"P",27000,"O",34464,0,496,364,0,0,0
69,0,0,1,0,"T",10500,"P",0,0,0,0,0,0,0
54,2,1,1,0,"P",31200,"U",0,0,320,0,0,0,0
55,0,0,1,0,"B",27000,"O",34464,0,0,0,0,0,1
68,0,0,1,0,"P",0,"P",0,0,0,0,0,0,0
59,0,0,1,0,"E",18928,"O",15792,0,0,0,0,0,0
29,0,0,1,0,"V",15600,"O",26464,4,0,0,0,0,1
58,0,0,1,0,"E",30000,"P",0,0,0,0,0,0,0
54,0,0,1,0,"P",21687,"O",28928,4928,980,0,0,200,0
47,3,0,0,16000,"V",7200,"O",31392,52928,1720,680,48,0,1
66,0,0,1,0,"T",4350,"F",0,0,0,0,0,0,1
11,0,0,1,0,"Z",0,"N",0,0,0,0,0,0,1
62,1,0,1,536,"V",40434,"O",16928,4928,980,0,0,0,0
66,0,0,1,0,"T",5745,"P",0,0,320,0,0,0,0
46,4,0,1,0,"E",30000,"O",0,0,0,0,0,0,0
56,2,1,1,0,"V",37500,"U",0,0,256,300,0,0,1
55,0,0,1,5799,"V",26145,"O",46464,10464,536,1080,0,0,1
65,0,0,1,0,"T",8580,"F",0,0,560,0,0,0,0
35,0,0,1,0,"P",13500,"U",0,0,0,0,0,0,0
69,0,0,1,0,"T",0,"P",0,0,0,0,0,0,1
69,0,0,1,0,"T",7500,"P",0,0,480,0,0,0,1
65,0,0,1,0,"P",18750,"F",0,0,0,0,0,0,0
67,0,0,0,0,"T",0,"F",0,0,1200,0,0,0,0
65,0,0,0,0,"T",0,"N",0,0,0,0,0,0,1
65,0,0,1,0,"P",22257,"P",0,0,200,0,0,0,0
44,2,0,1,0,"P",45000,"O",0,0,1000,0,0,0,0
63,0,0,0,0,"V",21156,"F",0,0,280,0,0,0,0
57,0,0,0,0,"P",21000,"O",48928,46464,700,0,0,0,0
19,0,0,1,0,"R",0,"U",0,0,360,0,0,0,1
45,2,0,1,0,"P",39464,"O",21248,928,1360,336,0,0,0
59,0,0,1,0,"P",28500,"P",0,0,0,0,0,0,0
18,0,0,1,0,"R",9630,"U",0,0,432,0,0,0,0
27,0,0,1,0,"E",3464,"O",21248,24000,640,0,0,0,0
68,0,0,1,0,"T",6000,"F",0,0,416,0,0,0,0
68,0,0,1,0,"T",0,"F",0,0,0,0,0,0,0
69,0,0,1,0,"T",0,"F",0,0,520,0,0,0,1
53,2,0,1,5000,"E",22500,"U",0,0,400,392,80,120,0
67,0,0,1,0,"P",10500,"P",0,0,0,0,0,0,0
66,0,0,0,0,"T",0,"P",0,0,0,0,0,0,0
68,0,0,0,0,"T",0,"N",0,0,0,0,0,0,0
51,0,0,1,0,"P",57000,"O",64928,2464,504,0,0,0,0
68,0,0,1,0,"T",0,"P",0,0,0,0,0,0,1
69,0,0,1,0,"T",0,"F",0,0,448,0,0,0,1
66,0,0,1,0,"P",27000,"U",0,0,700,0,0,1100,0
58,0,0,1,0,"V",22620,"P",0,0,320,316,84,0,0
50,0,0,1,0,"V",47400,"O",3392,3392,1400,0,0,0,0
61,0,0,1,15000,"P",13500,"U",0,0,0,0,0,0,0
66,0,0,0,0,"T",882,"F",0,0,0,0,0,0,0
33,0,0,1,5162,"P",32796,"U",0,0,444,76,412,0,0
47,2,0,1,0,"E",25200,"O",52464,38464,824,0,160,0,0
99,0,0,0,0,"Z",0,"N",0,0,0,0,0,0,0
7,0,0,1,0,"R",12000,"N",0,0,0,0,0,0,1
50,2,0,0,0,"V",12000,"F",0,0,1000,0,0,0,1
68,0,0,1,0,"T",6426,"F",0,0,360,0,0,0,1
56,3,0,1,0,"P",33000,"U",0,0,520,0,28,0,1
8,0,0,1,0,"R",0,"N",0,0,0,0,0,0,1
44,2,0,1,1250,"P",51000,"O",28928,20000,324,0,200,0,0
65,0,0,1,0,"P",25500,"P",0,0,0,0,0,0,0
69,0,0,1,0,"T",5916,"N",0,0,0,0,0,0,1
67,1,0,0,0,"P",21750,"U",0,0,448,0,80,0,0
67,0,0,1,0,"T",5100,"P",0,0,0,0,0,0,0
62,0,0,0,0,"T",6000,"F",0,0,0,0,0,0,0
43,2,0,1,0,"V",21942,"O",0,0,0,0,0,0,0
37,1,0,1,7000,"P",44100,"O",43392,2464,600,0,0,40,0
60,3,0,0,0,"T",13365,"P",0,0,144,0,0,0,0
63,0,0,1,0,"P",36600,"P",0,0,0,0,360,200,0
22,0,0,1,0,"R",0,"O",37856,4,0,0,0,0,1
19,0,0,1,0,"R",7044,"F",0,0,0,0,0,0,1
32,0,1,1,5000,"P",33000,"O",20928,42464,784,228,0,0,1
61,0,0,1,0,"P",27810,"O",64000,60800,500,0,0,0,1
26,0,0,0,0,"R",0,"N",0,0,0,0,0,0,1
39,4,1,1,0,"B",44529,"O",39392,14464,800,84,0,600,0
46,1,0,1,0,"V",45000,"O",21248,24000,0,0,0,180,1
64,0,0,1,11200,"V",19800,"O",38464,6464,0,0,0,400,0
35,0,0,1,5200,"P",26487,"O",16928,25352,244,280,0,0,0
62,0,0,1,0,"P",0,"U",0,0,0,188,176,0,0
65,0,0,1,0,"P",16611,"F",0,0,308,0,0,0,0
57,0,0,1,0,"P",24000,"O",34464,0,0,0,0,0,0
55,2,0,1,3000,"E",45000,"O",50176,54464,864,0,0,1200,0
32,0,0,1,0,"R",22500,"O",54784,0,0,0,0,0,0
7,0,0,1,0,"R",0,"O",0,0,0,0,0,0,1
66,0,0,1,0,"P",26100,"F",0,0,640,0,0,120,0
62,0,0,1,0,"P",60000,"F",0,0,800,0,0,0,0
49,2,0,1,0,"E",36000,"O",26464,60000,500,0,428,0,1
18,0,0,1,14000,"R",0,"O",28928,4,0,0,0,0,1
57,0,0,1,0,"E",24000,"O",0,0,0,0,0,0,1
53,0,0,1,18000,"P",24000,"O",48928,28928,1464,336,64,0,1
68,0,0,1,0,"T",0,"U",0,0,320,0,0,0,0
59,1,0,1,4160,"P",11700,"O",60000,15600,0,0,0,0,1
52,2,0,1,7500,"W",0,"O",3392,14464,980,0,0,0,1
63,0,0,1,0,"M",30000,"N",0,0,0,264,0,0,1
51,2,0,1,7500,"P",16590,"O",14464,0,448,0,144,0,1
25,0,0,1,0,"P",36000,"O",28928,4,0,0,0,0,1
55,2,0,1,0,"V",58500,"O",22464,40000,320,720,0,0,0
47,2,0,1,12000,"W",0,"O",44928,44928,520,0,0,0,0
69,0,0,1,0,"T",4326,"P",0,0,0,0,0,0,0
55,2,0,1,0,"V",9000,"O",18464,46000,300,0,0,0,0
37,2,0,1,6000,"V",39666,"O",37856,4928,1284,636,0,0,0
57,0,0,1,0,"P",42000,"O",62464,18464,1040,320,160,0,1
27,0,0,1,0,"R",12000,"O",32320,4,0,0,0,0,1
33,0,0,1,0,"P",43500,"O",28928,4,0,416,0,0,0
26,0,0,1,0,"W",0,"U",0,0,368,0,0,0,1
68,0,0,1,0,"T",5859,"N",0,0,0,0,0,0,1
69,0,0,1,0,"T",0,"P",0,0,0,0,0,0,0
69,0,0,0,0,"T",0,"F",0,0,448,0,0,0,1
69,0,0,1,0,"T",0,"P",0,0,0,0,0,0,0
66,1,0,1,0,"P",0,"F",0,0,0,0,0,0,0
65,0,0,1,0,"V",9495,"N",0,0,0,0,0,0,0
36,2,0,1,0,"P",60000,"O",20928,54464,1520,0,0,0,0
64,0,0,1,0,"P",17820,"P",0,0,0,0,0,0,0
65,0,0,1,0,"U",0,"P",0,0,0,0,0,0,0
38,0,0,1,0,"P",24000,"N",14464,4,0,608,0,0,1
49,2,0,1,0,"P",7200,"O",28928,64000,440,0,0,0,1
58,0,0,1,0,"P",42000,"O",36464,30464,712,280,120,0,0
61,0,0,1,0,"V",28254,"P",0,0,0,528,0,0,1
56,0,0,1,2444,"E",36000,"O",36928,8928,1040,472,0,0,0
47,0,0,1,0,"B",16662,"P",0,0,0,0,0,0,1
67,0,0,1,0,"T",4500,"F",0,0,0,0,0,0,1
56,0,0,1,0,"E",54000,"U",0,0,320,0,0,0,0
69,0,0,0,0,"T",0,"P",0,0,0,0,0,0,1
62,0,0,1,0,"V",17565,"P",0,0,0,0,0,0,1
57,1,0,0,3640,"P",29736,"O",38464,38464,0,120,640,0,0
50,4,0,1,0,"T",21000,"F",0,0,480,0,0,0,0
47,2,0,1,0,"V",36000,"O",28928,0,0,756,0,80,0
49,2,0,1,9620,"P",4680,"F",0,0,0,0,0,0,1
56,0,0,0,0,"V",21750,"O",60000,44000,440,0,0,120,0
20,0,0,1,0,"R",0,"U",0,0,72,0,0,0,0
49,4,0,1,0,"P",4896,"O",28928,14464,0,0,0,0,0
61,1,0,1,0,"V",20358,"O",26464,64000,656,0,0,0,0
69,0,0,1,0,"T",5745,"P",0,0,340,0,0,0,1
43,2,0,1,0,"P",24464,"O",43392,14928,1120,760,0,200,0
11,0,0,0,0,"R",13500,"O",0,0,0,0,0,0,0
63,0,0,1,6000,"P",25500,"U",0,0,280,508,0,0,0
45,2,0,1,0,"V",38403,"O",48928,20000,200,0,0,0,0
69,0,0,1,0,"T",5859,"P",0,0,100,0,0,0,1
66,0,0,0,0,"T",0,"F",0,0,480,0,0,0,0
61,0,0,1,0,"P",30000,"F",0,0,0,0,400,0,0
44,2,0,1,12800,"P",44400,"O",32928,22464,712,760,0,160,1
68,0,0,1,0,"P",12000,"P",0,0,240,0,0,0,1
47,0,0,1,0,"V",27000,"O",34464,56000,484,0,0,40,1
55,2,0,1,0,"E",30000,"O",48928,4,0,0,256,0,0
33,1,0,1,8056,"V",50484,"O",23392,4,0,0,0,200,0
44,1,0,1,0,"E",30000,"O",53248,6464,800,0,0,0,1
46,1,0,0,0,"P",51000,"O",43392,24000,344,464,0,0,0
33,0,0,1,0,"W",0,"O",48928,28000,200,28000,0,0,1
69,0,0,0,0,"T",0,"P",0,0,0,0,0,0,0
36,0,1,1,0,"P",18928,"F",0,0,0,1440,0,1200,0
7,0,0,1,0,"R",0,"O",14464,4,0,0,0,0,0
61,0,0,1,0,"P",12960,"P",0,0,0,0,0,0,0
65,0,0,1,12000,"T",0,"O",0,0,640,604,0,80,0
58,0,0,1,0,"P",24000,"O",28928,64000,680,0,0,0,1
58,2,0,1,0,"P",39000,"F",0,0,280,0,44,0,0
36,0,0,1,0,"P",15000,"O",14464,32000,532,0,0,0,0
64,0,0,1,0,"T",0,"P",0,0,0,0,0,0,0
68,0,0,1,0,"P",17334,"P",0,0,0,0,0,0,0
62,1,0,0,5040,"M",18000,"F",0,0,172,288,0,60,0
63,0,0,1,14000,"V",24000,"O",43928,24320,1308,0,0,0,0
55,1,0,1,0,"P",31980,"N",0,0,0,0,0,300,0
60,0,0,1,0,"V",22500,"O",22464,22464,600,0,0,0,1
53,3,0,1,0,"P",42000,"O",8928,34464,720,360,0,80,0
39,1,0,1,24000,"E",5184,"O",17856,50464,1200,0,0,800,0
49,1,0,1,0,"P",56100,"O",32320,42464,400,420,0,0,0
59,0,0,1,0,"P",25620,"P",0,0,0,0,0,0,0
99,0,0,1,0,"Z",21000,"N",0,0,0,0,0,60,0
21,1,0,1,20000,"W",0,"O",32320,4,0,0,0,0,0
51,5,0,1,3690,"P",24255,"U",0,0,0,0,0,0,0
69,0,0,1,0,"V",0,"P",0,0,0,0,0,0,1
64,0,0,1,0,"V",20400,"U",0,0,192,0,0,0,0
53,2,0,1,1200,"P",30000,"O",54464,48000,528,0,0,0,0
51,3,0,1,0,"V",17640,"N",0,0,0,0,0,0,0
55,1,0,1,1800,"B",36000,"O",22464,64000,640,240,0,0,0
65,0,0,1,0,"P",19500,"P",0,0,0,0,0,0,0
47,2,0,1,0,"P",18900,"U",0,0,0,0,0,0,0
68,0,0,1,0,"P",12960,"F",0,0,480,36,0,0,0
53,2,0,1,10000,"V",9900,"U",0,0,588,0,0,0,0
68,0,0,1,0,"P",10800,"P",0,0,200,0,0,0,1
52,2,0,1,2000,"V",24000,"U",0,0,448,0,0,0,0
69,0,0,1,0,"T",0,"P",0,0,640,0,0,0,0
40,1,0,1,10000,"E",9464,"O",3392,46464,1000,0,0,0,0
41,0,0,1,0,"P",29400,"U",0,0,216,100,0,0,0
58,0,0,1,0,"P",22500,"O",50464,38464,904,0,0,0,1
64,0,0,0,0,"P",22080,"O",22464,12864,620,220,100,0,0
58,0,0,0,0,"V",7800,"U",0,0,360,0,0,0,0
61,0,0,1,0,"P",0,"F",0,0,0,0,0,0,1
63,0,0,0,0,"P",22800,"O",6464,6464,584,120,0,0,1
46,3,0,1,10500,"V",30000,"O",8928,34464,700,480,0,0,0
57,0,0,1,0,"P",49500,"O",25392,6928,940,80,200,0,1
68,0,0,1,0,"P",13482,"P",0,0,320,0,0,0,0
63,0,0,1,0,"P",25500,"U",0,0,320,200,72,0,1
54,0,0,1,0,"P",10214,"O",10176,52320,3800,700,0,0,1
59,0,0,1,0,"T",6000,"F",0,0,480,0,0,0,1
59,0,0,0,0,"U",0,"N",0,0,0,0,0,0,1
56,2,0,1,0,"P",37500,"O",23392,26464,700,0,0,0,0
54,2,0,1,3000,"V",48600,"O",46464,30464,624,264,0,0,0
66,0,0,1,0,"E",9000,"P",0,0,0,0,0,0,0
67,0,0,1,0,"V",14625,"U",0,0,320,0,88,0,0
43,0,0,1,10000,"V",15000,"O",36464,0,592,464,0,0,1
69,0,0,1,0,"T",0,"O",20928,4,0,0,0,200,0
58,1,0,1,0,"V",46944,"O",48464,42464,720,100,392,0,0
30,0,0,1,3800,"V",8100,"O",22464,4,0,0,0,0,0
18,0,0,1,0,"R",0,"N",0,0,0,0,0,0,1
67,0,0,1,0,"T",4680,"F",0,0,400,0,0,0,0
69,0,0,0,0,"T",5700,"F",0,0,72,0,0,0,0
31,0,0,1,0,"P",0,"U",0,0,416,0,0,0,0
64,0,0,0,0,"P",26226,"O",34464,0,856,0,0,0,0
55,0,0,1,9000,"P",10545,"O",34464,0,800,0,0,0,1
52,2,0,1,0,"P",42000,"O",52464,464,0,0,0,0,0
29,2,0,1,0,"E",0,"O",0,0,0,0,0,0,1
55,0,0,1,0,"P",51000,"P",0,0,0,0,544,80,0
50,1,0,1,0,"P",6000,"O",58464,40000,288,0,0,0,1
45,1,0,1,0,"P",42000,"O",61248,30464,880,0,0,0,1
23,0,0,1,0,"R",15000,"O",32320,4,0,0,0,0,0
57,0,0,1,0,"E",27000,"U",0,0,328,0,0,0,1
66,0,0,1,0,"T",5715,"F",0,0,412,0,0,0,0
63,0,0,1,0,"P",18720,"P",0,0,80,0,0,0,0
67,1,0,0,0,"B",19500,"U",0,0,356,168,144,0,0
55,1,0,1,0,"P",12000,"U",0,0,0,0,0,0,1
52,0,0,1,10200,"V",36600,"O",46464,0,684,240,400,40,0
30,3,0,1,0,"R",0,"O",10784,4,0,0,0,100,0
50,4,0,1,7000,"B",35400,"O",4928,60000,532,0,248,440,0
59,0,0,1,9500,"P",15660,"O",30464,46000,288,0,516,0,0
42,1,0,1,0,"P",30600,"O",28928,54464,0,0,0,0,1
66,0,0,1,0,"V",19131,"P",0,0,0,0,0,0,0
48,3,0,1,0,"E",0,"O",0,0,0,0,0,0,1
66,0,0,1,0,"T",0,"F",0,0,440,0,0,0,0
69,0,0,1,0,"P",9360,"P",0,0,0,0,0,0,1
39,0,0,1,1440,"V",25500,"U",0,0,108,320,0,0,0
42,3,0,1,0,"Z",0,"N",0,0,0,0,0,0,0
58,0,0,1,5000,"V",31320,"F",0,0,500,0,0,0,0
59,1,0,0,0,"P",18000,"U",0,0,320,216,0,0,0
54,2,0,0,1800,"B",27600,"O",52464,47964,776,0,0,0,1
53,0,0,1,0,"E",18000,"N",0,0,0,300,0,0,0
49,2,0,1,14700,"P",18210,"O",28928,22464,584,640,0,60,0
69,0,0,1,0,"T",4296,"P",0,0,0,0,0,0,0
69,0,0,1,0,"T",12000,"P",0,0,0,0,0,0,0
38,0,0,1,0,"R",16248,"U",0,0,388,0,0,0,0
28,3,0,1,15000,"V",30000,"O",11392,40000,760,0,0,0,1
40,0,0,1,4353,"P",5292,"N",0,0,0,0,0,0,1
57,0,0,1,0,"P",30000,"O",34464,32464,760,0,280,0,0
57,1,0,1,0,"P",30000,"O",64000,52000,384,0,0,0,0
56,0,0,1,11000,"V",36102,"O",62464,0,720,0,0,0,0
64,0,0,1,0,"P",27000,"F",0,0,600,0,0,360,0
48,2,0,1,0,"M",39000,"O",14464,0,240,160,0,0,0
99,0,0,0,0,"R",0,"N",0,0,0,0,0,0,1
44,0,0,1,0,"P",48000,"O",48928,54464,1200,308,0,0,0
53,0,0,1,0,"E",928,"O",43392,4,0,0,0,0,0
57,1,0,1,11000,"V",21741,"O",928,40464,0,0,0,100,1
44,1,0,1,8000,"W",0,"U",0,0,628,0,0,680,1
39,3,0,1,3000,"E",42000,"O",20928,54464,1200,600,0,0,1
68,0,0,1,0,"E",12480,"U",0,0,480,0,0,0,0
45,1,0,0,0,"P",0,"O",57856,12928,0,200,0,0,0
60,0,0,1,0,"P",23850,"O",28928,4,0,500,0,0,1
65,0,0,1,0,"V",27279,"F",0,0,740,0,0,160,0
40,0,0,1,6000,"V",30000,"U",0,0,384,0,0,0,0
62,0,0,1,0,"W",0,"U",0,0,0,0,0,0,1
65,0,0,1,0,"V",15000,"P",0,0,0,0,0,0,0
22,2,0,1,0,"E",0,"O",0,0,0,0,0,0,1
55,2,0,1,0,"P",18000,"O",46464,0,0,684,300,0,1
59,2,0,1,0,"V",17889,"O",4928,50464,0,0,0,0,1
69,0,0,1,0,"T",0,"P",0,0,0,0,0,0,0
50,2,0,1,11100,"V",49500,"O",52192,27392,1740,472,0,36,0
69,0,0,1,0,"P",18000,"P",0,0,0,472,0,0,0
45,2,0,1,30000,"E",9000,"N",0,0,0,0,0,0,0
41,1,1,1,12400,"P",52500,"O",3392,24000,400,1600,0,0,0
65,0,0,0,0,"M",0,"F",0,0,0,200,336,104,0
61,0,0,1,0,"P",18000,"F",0,0,0,0,0,0,0
57,0,0,1,11700,"P",52500,"O",46784,7392,2048,0,0,160,0
52,0,0,1,0,"P",60000,"O",63392,54464,1900,0,0,0,0
61,0,0,1,0,"P",12480,"P",0,0,0,0,0,0,1
62,0,0,1,0,"E",24000,"F",0,0,400,0,0,0,0
64,0,0,1,0,"P",21240,"P",0,0,320,0,0,0,0
58,2,0,1,0,"P",23400,"O",20928,46464,400,0,68,76,0
48,0,0,0,0,"P",9000,"F",0,0,320,28,0,0,0
49,2,0,1,0,"P",24464,"O",3392,34464,800,0,0,320,0
8,0,0,1,0,"R",0,"U",0,0,0,0,0,0,1
46,0,0,0,0,"P",51996,"O",60800,38400,636,0,0,0,1
58,0,0,1,0,"V",21900,"F",0,0,600,296,0,0,0
64,1,0,1,0,"V",24852,"O",34464,20464,528,360,0,0,0
64,0,0,1,0,"P",52500,"P",0,0,0,0,0,0,0
20,0,1,1,1000,"R",60000,"O",6784,40000,744,0,0,0,1
35,4,0,1,8000,"E",6000,"O",43392,6400,0,0,0,600,0
22,0,0,1,0,"R",0,"O",14464,4,0,0,0,0,1
61,0,0,1,2500,"E",15000,"O",60464,22000,416,880,0,0,0
52,4,1,1,0,"V",37764,"U",0,0,0,340,0,0,0
56,3,0,1,1200,"P",31500,"O",6928,46464,784,256,0,0,1
60,0,0,1,0,"E",46800,"O",11392,928,1144,680,0,108,0
20,0,0,1,0,"R",0,"N",0,0,0,0,0,0,1
66,0,0,1,0,"T",5538,"P",0,0,492,0,0,0,0
